{
	"format_version": "1.8.0",
	"animations": {
		"static_idle": {
			"loop": true,
			"bones": {
				"bone8": {
					"rotation": [-127.30972, -49.11319, 158.56807],
					"position": [3.0625, 10.1875, 0]
				},
				"righthand_pos": {
					"rotation": [114.53514, 31.91357, -195.05654],
					"position": [-3, 3, 6]
				},
				"lefthand_pos": {
					"rotation": [113.3375, -16.71437, -183.97859],
					"position": [5, -5, 5]
				}
			}
		}
	}
}