{
	"format_version": "1.8.0",
	"animations": {
		"static_idle": {
			"loop": true,
			"bones": {
				"hexadecagon": {
					"rotation": [-20.17393, -10.17781, -25.68482],
					"position": [5.1875, 11.6875, 2]
				},
				"righthand_pos": {
					"rotation": [104.88522, 2.66887, -181.29397],
					"position": [2, -2, 10]
				},
				"lefthand_pos": {
					"rotation": [121.56435, -17.90724, -187.81633],
					"position": [5, -4, 8]
				}
			}
		},
		"draw": {
			"loop": true,
			"animation_length": 2.75,
			"bones": {
				"hexadecagon": {
					"rotation": {
						"0.0": [9.82648, 2.86313, -186.93488],
						"0.25": [9.82648, 2.86313, -186.93488],
						"0.4583": [9.82648, 2.86313, -186.93488],
						"0.6667": [-20.17393, -10.17781, -25.68482],
						"0.875": [-20.17393, -10.17781, -25.68482],
						"1.25": [-90, 0, 0],
						"1.5": [-90, 0, 0],
						"1.7083": [102.5, 0, 0],
						"2.0": [102.5, 0, 0],
						"2.25": [-72.5, 0, 0],
						"2.75": [-20.17393, -10.17781, -25.68482]
					},
					"position": {
						"0.0": [5.1875, -5.3125, 2],
						"0.0417": [5.1875, -4.28914, 2],
						"0.0833": [5.1875, -1.20885, 2],
						"0.125": [5.1875, 3.30263, 2],
						"0.1667": [5.1875, 7.73923, 2],
						"0.2083": [5.1875, 10.69739, 2],
						"0.25": [5.1875, 11.6875, 2],
						"0.2917": [5.1875, 11.67655, 2],
						"0.375": [5.1875, 11.45194, 2],
						"0.4167": [5.1875, 11.50403, 2],
						"0.4583": [5.1875, 11.6875, 2],
						"0.5": [5.1875, 11.8368, 2],
						"0.5417": [5.1875, 11.78057, 2],
						"0.5833": [5.1875, 11.55751, 2],
						"0.625": [5.1875, 11.50133, 2],
						"0.6667": [5.1875, 11.6875, 2],
						"0.7083": [5.1875, 11.90985, 2],
						"0.75": [5.1875, 11.97636, 2],
						"0.7917": [5.1875, 11.86012, 2],
						"0.8333": [5.1875, 11.72979, 2],
						"0.875": [5.1875, 11.6875, 2],
						"0.9167": [4.94865, 11.70493, 2],
						"0.9583": [4.3013, 11.74137, 2],
						"1.0": [3.51855, 11.78354, 2],
						"1.0417": [2.85518, 11.8236, 2],
						"1.0833": [2.3948, 11.85515, 2],
						"1.125": [2.12821, 11.87124, 2],
						"1.1667": [2.02415, 11.86249, 2],
						"1.2083": [2.05279, 11.81328, 2],
						"1.25": [2.19, 11.69, 2],
						"1.2917": [2.36679, 11.55233, 2],
						"1.3333": [2.52038, 11.50751, 2],
						"1.375": [2.62987, 11.53943, 2],
						"1.4167": [2.61888, 11.60757, 2],
						"1.4583": [2.28742, 11.66716, 2],
						"1.5": [2.19, 11.69, 2],
						"1.5417": [2.19, 11.73323, 2],
						"1.5833": [2.19, 11.8695, 2],
						"1.625": [2.19, 11.98092, 2],
						"1.6667": [2.19, 11.90386, 2],
						"1.7083": [2.19, 11.69, 2],
						"1.75": [2.19, 11.49239, 2],
						"1.7917": [2.19, 11.40556, 2],
						"1.8333": [2.19, 11.41086, 2],
						"1.875": [2.19, 11.47928, 2],
						"1.9167": [2.19, 11.57408, 2],
						"1.9583": [2.19, 11.65609, 2],
						"2.0": [2.19, 11.69, 2],
						"2.0417": [2.16308, 11.69, 2],
						"2.0833": [2.06906, 11.69, 2],
						"2.125": [2.05072, 11.69, 2],
						"2.1667": [2.08165, 11.69, 2],
						"2.25": [2.19, 11.69, 2],
						"2.2917": [2.28193, 11.68991, 2],
						"2.3333": [2.42965, 11.68973, 2],
						"2.375": [2.62778, 11.68951, 2],
						"2.4167": [2.87073, 11.68926, 2],
						"2.4583": [3.15227, 11.68901, 2],
						"2.5": [3.46534, 11.68875, 2],
						"2.5417": [3.80141, 11.68849, 2],
						"2.625": [4.49471, 11.68799, 2],
						"2.6667": [4.8144, 11.68777, 2],
						"2.7083": [5.07068, 11.68759, 2],
						"2.75": [5.1875, 11.6875, 2]
					}
				},
				"righthand_pos": {
					"rotation": {
						"0.0": [104.88522, 2.66887, -181.29397],
						"0.25": [104.88522, 2.66887, -181.29397],
						"0.875": [104.88522, 2.66887, -181.29397],
						"1.0833": [115.09943, 9.91428, -179.34334],
						"1.25": [115.09943, 9.91428, -179.34334],
						"1.5": [115.09943, 9.91428, -179.34334],
						"1.7083": [120.09943, 9.91428, -179.34334],
						"2.0": [120.09943, 9.91428, -179.34334],
						"2.25": [115.09943, 9.91428, -179.34334],
						"2.4583": [111.58544, 16.22097, -176.46665],
						"2.75": [104.88522, 2.66887, -181.29397]
					},
					"position": {
						"0.0": [2, -16, 10],
						"0.0417": [2, -15.29631, 10],
						"0.0833": [2, -13.19789, 10],
						"0.125": [2, -10.0189, 10],
						"0.1667": [2, -6.529, 10],
						"0.2083": [2, -3.65497, 10],
						"0.25": [2, -2, 10],
						"0.2917": [2, -1.39982, 10],
						"0.3333": [2, -1.5154, 10],
						"0.375": [2, -2.06144, 10],
						"0.4167": [2, -2.51021, 10],
						"0.4583": [2, -2.51084, 10],
						"0.5": [2, -2, 10],
						"0.5417": [2, -1.4419, 10],
						"0.5833": [2, -1.17134, 10],
						"0.625": [2, -1.09477, 10],
						"0.6667": [2, -1.15248, 10],
						"0.7083": [2, -1.30079, 10],
						"0.75": [2, -1.50274, 10],
						"0.7917": [2, -1.7213, 10],
						"0.8333": [2, -1.91096, 10],
						"0.875": [2, -2, 10],
						"1.0833": [2, -2, 10],
						"1.25": [2, -2, 10],
						"1.5": [2, -2, 8],
						"1.5417": [2, -1.89635, 7.93155],
						"1.5833": [2, -1.5658, 7.68493],
						"1.625": [2, -1.3088, 7.31507],
						"1.6667": [2, -1.50279, 7.06845],
						"1.7083": [2, -2, 7],
						"1.75": [2, -2.51216, 7],
						"1.7917": [2, -2.85736, 7],
						"1.8333": [2, -3.023, 7],
						"1.875": [2, -3.00534, 7],
						"1.9167": [2, -2.81298, 7],
						"1.9583": [2, -2.46738, 7],
						"2.0": [2, -2, 7],
						"2.0417": [2, -1.60538, 7.1797],
						"2.0833": [2, -1.46783, 7.71531],
						"2.125": [2, -1.55569, 8.5],
						"2.1667": [2, -1.75613, 9.28469],
						"2.2083": [2, -1.93278, 9.8203],
						"2.25": [2, -2, 10],
						"2.75": [2, -2, 10]
					}
				},
				"lefthand_pos": {
					"rotation": {
						"0.0": [93.43565, 17.90724, -367.81633],
						"0.25": [58.43565, 17.90724, -367.81633],
						"0.4583": [58.43565, 17.90724, -367.81633],
						"0.5417": [84.10579, 20.98397, -306.5915],
						"0.5833": [97.4826, 0.13275, -273.68172],
						"0.6667": [123.36465, -13.87982, -194.39857],
						"0.875": [123.36465, -13.87982, -194.39857],
						"1.25": [111.53449, 29.29555, -265.51863],
						"1.5": [111.53449, 29.29555, -265.51863],
						"1.7083": [111.53449, 29.29555, -265.51863],
						"2.0": [111.53449, 29.29555, -265.51863],
						"2.25": [111.53449, 29.29555, -265.51863],
						"2.75": [121.56435, -17.90724, -187.81633]
					},
					"position": {
						"0.0": [16, -10, 8],
						"0.0417": [16, -9.57331, 7.8802],
						"0.0833": [16, -8.27801, 7.52313],
						"0.125": [16, -6.28506, 7],
						"0.1667": [16, -4.07159, 6.47687],
						"0.2083": [16, -2.19958, 6.1198],
						"0.25": [16, -1, 6],
						"0.2917": [16, -0.33859, 6],
						"0.3333": [16, -0.16128, 6],
						"0.375": [16, -0.5058, 6],
						"0.4167": [16, -0.87789, 6],
						"0.4583": [16, -1, 6],
						"0.5417": [12.305, -4.3825, 6.8],
						"0.6667": [4.5625, -5.0475, 8],
						"0.7083": [4.5625, -5.13657, 8],
						"0.75": [4.5625, -5.45334, 8],
						"0.7917": [4.5625, -5.56807, 8],
						"0.8333": [4.5625, -5.36936, 8],
						"0.875": [4.5625, -5.0475, 8],
						"0.9167": [4.61914, -4.77771, 7.8097],
						"0.9583": [4.82322, -4.7982, 7.12409],
						"1.0": [5.12928, -5.45943, 6.09591],
						"1.0417": [5.33336, -6.2862, 5.4103],
						"1.0833": [5.39, -6.49, 5.22],
						"1.25": [9.65, -8.24, 3],
						"1.5": [9.65, -8.24, 3],
						"1.7083": [9.65, -8.24, 3],
						"2.0": [9.65, -8.24, 3],
						"2.25": [9.65, -8.24, 3],
						"2.4167": [6.1, -6.83, 4.67],
						"2.75": [5, -4, 8]
					}
				},
				"camera": {
					"rotation": {
						"0.0": [0, 0, 0],
						"0.0417": [0.37649, 0.05134, -0.0385],
						"0.0833": [1.73291, 0.23631, -0.17723],
						"0.125": [3.76709, 0.51369, -0.38527],
						"0.1667": [5.12351, 0.69866, -0.524],
						"0.2083": [5.5, 0.75, -0.5625],
						"0.25": [4.96091, 0.67138, -0.49137],
						"0.2917": [3.35408, 0.43705, -0.27936],
						"0.375": [-1.35408, -0.24955, 0.34186],
						"0.4167": [-2.96091, -0.48388, 0.55387],
						"0.4583": [-3.5, -0.5625, 0.625],
						"0.5": [-3.29035, -0.52881, 0.58756],
						"0.5417": [-2.66547, -0.42838, 0.47598],
						"0.625": [-0.83453, -0.13412, 0.14902],