{
	"format_version": "1.8.0",
	"animations": {
		"static_idle": {
			"loop": true,
			"bones": {
				"gold": {
					"rotation": [0, -55, 0],
					"position": [3, 9, 0]
				},
				"lefthand": {
					"rotation": [60.12771, 22.01609, -12.15123],
					"position": [12, -10.875, 0]
				},
				"lefthand_pos": {
					"rotation": [12.44081, 0.54094, -12.48848],
					"position": [3.625, 9.3125, -2.8125]
				},
				"righthand": {
					"rotation": [59.59227, -24.1782, 13.51584],
					"position": [-9, -10, 0]
				},
				"righthand_pos": {
					"rotation": [3.03502, -9.63584, -8.51004],
					"position": [-2, 6, -4.6875]
				},
				"bone2": {
					"rotation": [0, -105, 0],
					"position": [2, 8, 0]
				},
				"bone": {
					"position": [0, 0, 0]
				}
			}
		},
		"draw": {
			"loop": true,
			"animation_length": 2.5,
			"bones": {
				"gold": {
					"rotation": [0, -55, 0],
					"position": [3, 9, 0]
				},
				"lefthand": {
					"rotation": [60.12771, 22.01609, -12.15123],
					"position": [12, -10.875, 0]
				},
				"lefthand_pos": {
					"rotation": {
						"0.0": [12.44081, 0.54094, -12.48848],
						"0.0417": [14.59788, 0.54094, -12.48848],
						"0.0833": [18.52498, 0.54094, -12.48848],
						"0.1667": [28.85665, 0.54094, -12.48848],
						"0.2083": [32.78375, 0.54094, -12.48848],
						"0.25": [34.94081, 0.54094, -12.48848],
						"0.2917": [35.07, 0.54094, -12.48848],
						"0.3333": [34.19975, 0.54094, -12.48848],
						"0.375": [32.92373, 0.54094, -12.48848],
						"0.4167": [31.42786, 0.54094, -12.48848],
						"0.625": [22.93617, 0.54094, -12.48848],
						"0.6667": [21.31091, 0.54094, -12.48848],
						"0.7083": [19.81503, 0.54094, -12.48848],
						"0.75": [18.53901, 0.54094, -12.48848],
						"0.7917": [17.66877, 0.54094, -12.48848],
						"0.8333": [17.79796, 0.54094, -12.48848],
						"0.875": [18.38409, 0.54094, -12.48848],
						"0.9167": [15.66966, 0.54094, -12.48848],
						"0.9583": [10.53628, 0.54094, -12.48848],
						"1.0": [8.03265, 0.54094, -12.48848],
						"1.0417": [6.83663, 0.54094, -12.48848],
						"1.0833": [11.56566, 0.54094, -12.48848],
						"1.125": [13.64617, 0.54094, -12.48848],
						"1.1667": [14.04163, 0.54094, -12.48848],
						"1.2083": [13.33392, 0.54094, -12.48848],
						"1.25": [12.04824, 0.54094, -12.48848],
						"1.375": [7.22751, 0.54094, -12.48848],
						"1.4167": [5.94184, 0.54094, -12.48848],
						"1.4583": [5.23413, 0.54094, -12.48848],
						"1.5": [5.62959, 0.54094, -12.48848],
						"1.5417": [6.37941, 0.54094, -12.48848],
						"1.5833": [6.8179, 0.54094, -12.48848],
						"2.125": [9.56861, 0.54094, -12.48848],
						"2.375": [10.91552, 0.54094, -12.48848],
						"2.4167": [11.2525, 0.54094, -12.48848],
						"2.4583": [11.69099, 0.54094, -12.48848],
						"2.5": [12.44081, 0.54094, -12.48848]
					},
					"position": {
						"0.0": [3.625, 9.3125, -2.8125],
						"0.0417": [4.43464, 9.31235, -3.47124],
						"0.0833": [4.34555, 9.3119, -5.4347],
						"0.1667": [2.90945, 9.3106, -11.1878],
						"0.2083": [2.82036, 9.31015, -13.15126],
						"0.25": [3.63, 9.31, -13.81],
						"0.2917": [4.31742, 9.31, -13.4938],
						"0.3333": [4.49732, 9.31, -12.89899],
						"0.375": [4.47115, 9.31, -12.19105],
						"0.4167": [4.33333, 9.31, -11.42183],
						"0.4583": [4.12981, 9.31, -10.61653],
						"0.5": [3.88858, 9.31, -9.79052],
						"0.5833": [3.37142, 9.31, -8.11948],
						"0.625": [3.13019, 9.31, -7.29347],
						"0.6667": [2.92667, 9.31, -6.48817],
						"0.7083": [2.78885, 9.31, -5.71895],
						"0.75": [2.76268, 9.31, -5.01101],
						"0.7917": [2.94258, 9.31, -4.4162],
						"0.8333": [3.63, 9.31, -4.1],
						"0.875": [4.25416, 9.32909, -4.10246],
						"0.9167": [4.52393, 9.35869, -4.10622],
						"0.9583": [4.68126, 9.39156, -4.11035],
						"1.0": [4.77708, 9.42617, -4.11464],
						"1.0417": [4.83229, 9.46192, -4.11902],
						"1.0833": [4.85832, 9.49844, -4.12344],
						"1.125": [4.86183, 9.53554, -4.12788],
						"1.1667": [4.84741, 9.57309, -4.13231],
						"1.2083": [4.81822, 9.61097, -4.13672],
						"1.25": [4.77668, 9.64911, -4.14109],
						"1.4583": [4.43313, 9.84199, -4.16199],
						"1.9167": [3.23691, 10.25503, -4.19054],
						"1.9583": [3.11935, 10.28682, -4.18846],
						"2.0": [3.02, 10.31, -4.18],
						"2.0417": [2.89709, 10.27853, -4.11729],
						"2.0833": [2.72525, 10.20828, -4.01234],
						"2.125": [2.54759, 10.12091, -3.88906],
						"2.1667": [2.38169, 10.02423, -3.75612],
						"2.2083": [2.23927, 9.92234, -3.61815],
						"2.25": [2.13102, 9.81798, -3.47827],
						"2.2917": [2.06905, 9.71336, -3.33909],
						"2.3333": [2.0692, 9.61068, -3.20328],
						"2.375": [2.15488, 9.51257, -3.07413],
						"2.4167": [2.36557, 9.423, -2.95671],
						"2.4583": [2.78062, 9.34944, -2.86061],
						"2.5": [3.625, 9.3125, -2.8125]
					}
				},
				"righthand": {
					"rotation": [59.59227, -24.1782, 13.51584],
					"position": [-9, -10, 0]
				},
				"righthand_pos": {
					"rotation": {
						"0.0": [3.03502, -9.63584, -8.51004],
						"0.0417": [4.5325, -9.63584, -8.51004],
						"0.0833": [8.99592, -9.63584, -8.51004],
						"0.1667": [22.07412, -9.63584, -8.51004],
						"0.2083": [26.53754, -9.63584, -8.51004],
						"0.25": [28.03502, -9.63584, -8.51004],
						"0.2917": [27.60083, -9.63584, -8.51004],
						"0.3333": [26.78406, -9.63584, -8.51004],
						"0.6667": [17.98102, -9.63584, -8.51004],
						"0.75": [15.95264, -9.63584, -8.51004],
						"0.7917": [15.13587, -9.63584, -8.51004],
						"0.8333": [14.70169, -9.63584, -8.51004],
						"0.875": [14.57384, -9.26741, -7.91891],
						"0.9167": [13.64554, -7.36434, -4.86554],
						"0.9583": [12.34295, -5.46127, -1.81217],
						"1.0": [11.53651, -5.09284, -1.22105],
						"1.0417": [11.43, -4.81515, -0.83447],
						"1.0833": [18.54229, -2.67588, 0.7616],
						"1.125": [20.94841, -2.39819, -0.33599],
						"1.1667": [21.60826, -2.39819, -1.38638],
						"1.2083": [20.69719, -2.39819, -1.70059],
						"1.25": [18.69963, -2.39819, -1.15145],
						"1.2917": [17.78856, -2.39819, -0.53578],
						"1.3333": [18.44841, -2.39819, -0.33599],
						"1.375": [18.97937, -2.94238, 0.86257],
						"1.4167": [16.18052, -5.75327, 7.05351],
						"1.4583": [12.42047, -8.56417, 13.24445],
						"1.5": [11.63852, -9.10835, 14.44301],
						"1.5417": [10.95768, -9.25297, 15.43337],
						"1.5833": [9.14727, -9.63593, 18.74465],
						"1.625": [6.6046, -10.17033, 22.84573],
						"1.6667": [3.77414, -10.75922, 25.76232],
						"1.7083": [1.11838, -11.30196, 27.43496],
						"1.75": [-0.91504, -11.70135, 28.23041],
						"1.7917": [-1.92275, -11.87005, 28.41396],
						"1.8333": [-2.00288, -11.82317, 27.88889],
						"1.875": [-1.85428, -11.71902, 26.69373],
						"1.9167": [-1.6188, -11.59347, 25.05729],
						"1.9583": [-1.33473, -11.45622, 23.10688],
						"2.0": [-1.01933, -11.31167, 20.92227],
						"2.0417": [-0.68235, -11.16233, 18.5591],
						"2.0833": [-0.33005, -11.00986, 16.05841],
						"2.3333": [1.89418, -10.09042, -0.19623],
						"2.375": [2.2491, -9.94795, -2.82226],
						"2.4167": [2.58175, -9.81524, -5.27201],
						"2.4583": [2.8704, -9.70076, -7.36663],
						"2.5": [3.03502, -9.63584, -8.51004]
					},
					"position": {
						"0.0": [-2, 6, -4.6875],
						"0.0417": [-2, 5.7005, -5.22674],
						"0.0833": [-2, 4.80782, -6.83402],
						"0.1667": [-2, 2.19218, -11.54348],
						"0.2083": [-2, 1.2995, -13.15076],
						"0.25": [-2, 1, -13.69],
						"0.2917": [-1.93487, 1.05438, -13.42949],
						"0.3333": [-1.81236, 1.15668, -12.93943],
						"0.375": [-1.66654, 1.27844, -12.35616],
						"0.4167": [-1.5081, 1.41074, -11.7224],
						"0.4583": [-1.34223, 1.54924, -11.05892],
						"0.625": [-0.65777, 2.12076, -8.32108],
						"0.6667": [-0.4919, 2.25926, -7.6576],
						"0.7083": [-0.33346, 2.39156, -7.02384],
						"0.75": [-0.18764, 2.51332, -6.44057],
						"0.7917": [-0.06513, 2.61562, -5.95051],
						"0.8333": [0, 2.67, -5.69],
						"0.875": [-0.02352, 2.70893, -5.35425],