{
	"format_version": "1.8.0",
	"animations": {
		"static_idle": {
			"loop": true,
			"bones": {
				"gun": {
					"rotation": [167.33616, -51.70548, -208.97014],
					"position": [6, 7, 4]
				},
				"lefthand_pos": {
					"rotation": [115, -22.5, -180],
					"position": [6, -6.75, 9]
				},
				"righthand_pos": {
					"rotation": [115, -325, -180],
					"position": [-3, -1, 11]
				},
				"gun_and_righthand": {
					"position": [0, 0, -2]
				},
				"righthand": {
					"position": [0, 0, 0]
				}
			}
		},
		"draw": {
			"loop": true,
			"animation_length": 3.5,
			"bones": {
				"gun": {
					"rotation": {
						"0.0": [0, 0, 0],
						"0.5417": [0, 0, 0],
						"0.6667": [0, 0, 0],
						"1.0": [0, 0, 0],
						"1.25": [0, 0, 0],
						"1.2917": [-0.19405, -1.67663, -0.18896],
						"1.3333": [-0.54311, -4.69268, -0.52887],
						"1.375": [-0.95128, -8.2194, -0.92633],
						"1.4167": [-1.3915, -12.02316, -1.35501],
						"1.4583": [-1.85118, -15.99497, -1.80264],
						"1.6667": [-4.24624, -36.68923, -4.13489],
						"1.7083": [-4.71813, -40.7665, -4.5944],
						"1.75": [-5.1778, -44.73831, -5.04202],
						"1.7917": [-5.61803, -48.54207, -5.4707],
						"1.8333": [-6.0262, -52.06879, -5.86817],
						"1.875": [-6.37526, -55.08484, -6.20808],
						"1.9167": [-6.56931, -56.76147, -6.39703],
						"1.9583": [-3.90208, -56.68392, -9.50394],
						"2.0": [-0.01925, -56.57103, -14.02684],
						"2.0417": [4.2076, -56.44815, -18.95047],
						"2.0833": [8.61699, -56.31995, -24.08673],
						"2.625": [70.61596, -54.51744, -96.306],
						"3.0417": [119.29184, -53.10228, -153.00591],
						"3.25": [143.01663, -52.41253, -180.64162],
						"3.3333": [152.14986, -52.14699, -191.28044],
						"3.375": [156.55925, -52.0188, -196.4167],
						"3.4167": [160.7861, -51.89591, -201.34033],
						"3.4583": [164.66894, -51.78302, -205.86323],
						"3.5": [167.33616, -51.70548, -208.97014]
					},
					"position": {
						"0.0": [-2, -28, 3],
						"0.0417": [-1.96633, -27.2588, 3.00414],
						"0.0833": [-1.90575, -25.92716, 3.01157],
						"0.125": [-1.83492, -24.36849, 3.02027],
						"0.1667": [-1.75853, -22.68487, 3.02965],
						"0.2083": [-1.67876, -20.92285, 3.03945],
						"0.25": [-1.59687, -19.10958, 3.04951],
						"0.2917": [-1.51373, -17.26293, 3.05972],
						"0.4167": [-1.26313, -11.65007, 3.09049],
						"0.4583": [-1.18124, -9.79358, 3.10055],
						"0.5": [-1.10147, -7.96776, 3.11035],
						"0.5417": [-1.02508, -6.19515, 3.11973],
						"0.5833": [-0.95425, -4.51422, 3.12843],
						"0.625": [-0.89367, -3.00961, 3.13586],
						"0.6667": [-0.86, -2, 3.14],
						"0.7083": [-0.86, -1.80202, 3.14],
						"0.75": [-0.86, -1.80628, 3.14],
						"0.7917": [-0.86, -1.93491, 3.14],
						"0.8333": [-0.86, -2.13787, 3.14],
						"0.9167": [-0.86, -2.62322, 3.14],
						"0.9583": [-0.86, -2.84239, 3.14],
						"1.0": [-0.86, -3, 3.14],
						"1.0417": [-0.86, -3.27709, 3.14],
						"1.0833": [-0.86, -3.9786, 3.14],
						"1.125": [-0.86, -4.63982, 3.14],
						"1.1667": [-0.86, -4.71755, 3.14],
						"1.2083": [-0.86, -4.44734, 3.14],
						"1.25": [-0.86, -4, 3.14],
						"1.2917": [-0.78044, -3.61833, 3.14997],
						"1.3333": [-0.67137, -3.31661, 3.16365],
						"1.375": [-0.55462, -3.04238, 3.17828],
						"1.4167": [-0.43385, -2.78361, 3.19342],
						"1.9583": [1.24348, 0.12072, 3.4037],
						"2.5": [2.96876, 2.72975, 3.61999],
						"3.0417": [4.68363, 5.1841, 3.83497],
						"3.3333": [5.57385, 6.41984, 3.94658],
						"3.4167": [5.81137, 6.74476, 3.97635],
						"3.4583": [5.92044, 6.89292, 3.99003],
						"3.5": [6, 7, 4]
					}
				},
				"lefthand_pos": {
					"rotation": {
						"0.0": [115, -22.5, -180],
						"3.5": [115, -22.5, -180]
					},
					"position": {
						"0.0": [6, -22.75, 9],
						"0.6667": [6, -1.67, 9],
						"1.9167": [6, -8.94, 9],
						"2.4167": [1, -8.23, 9],
						"3.5": [6, -6.75, 9]
					}
				},
				"righthand_pos": {
					"rotation": {
						"0.0": [82.5, -325, -180],
						"0.0417": [83.12593, -325, -180],
						"0.0833": [84.25189, -325, -180],
						"0.125": [85.56851, -325, -180],
						"0.4583": [97.71916, -325, -180],
						"0.5417": [100.62197, -325, -180],
						"0.5833": [101.93858, -325, -180],
						"0.625": [103.06455, -325, -180],
						"0.6667": [103.69048, -325, -180],
						"0.7083": [103.65129, -324.95173, -180.22084],
						"1.25": [102.70398, -323.78494, -185.55906],
						"1.7917": [101.72848, -322.58342, -191.05619],
						"1.875": [101.60256, -322.42834, -191.76575],
						"1.9167": [101.56337, -322.38007, -191.98659],
						"1.9583": [101.36712, -322.3228, -192.41625],
						"2.0": [100.97591, -322.20864, -193.27271],
						"2.0417": [100.49903, -322.06948, -194.31673],
						"2.25": [97.75985, -321.27015, -200.31359],
						"2.2917": [97.2368, -321.11751, -201.45869],
						"2.3333": [96.75993, -320.97836, -202.50271],
						"2.375": [96.36872, -320.8642, -203.35917],
						"2.4167": [96.17247, -320.80693, -203.78883],
						"2.4583": [96.55943, -320.89311, -203.2999],
						"3.0": [106.38383, -323.0811, -190.88664],
						"3.3333": [112.60384, -324.46635, -183.02758],
						"3.4583": [114.61303, -324.91382, -180.48894],
						"3.5": [115, -325, -180]
					},
					"position": {
						"0.0": [-3, -17, 11],
						"0.0417": [-2.97046, -16.43455, 10.97046],
						"0.0833": [-2.91733, -15.38845, 10.91733],
						"0.125": [-2.85519, -14.15224, 10.85519],
						"0.1667": [-2.78818, -12.81298, 10.78818],
						"0.2083": [-2.71821, -11.41204, 10.71821],
						"0.25": [-2.64638, -9.97379, 10.64638],
						"0.375": [-2.42655, -5.58549, 10.42655],
						"0.4167": [-2.35362, -4.13771, 10.35362],
						"0.4583": [-2.28179, -2.71731, 10.28179],
						"0.5": [-2.21182, -1.33964, 10.21182],
						"0.5417": [-2.14481, -0.02542, 10.14481],
						"0.5833": [-2.08267, 1.19341, 10.08267],
						"0.625": [-2.02954, 2.26052, 10.02954],
						"0.6667": [-2, 3.05, 10],
						"0.7083": [-2.00584, 3.53885, 10.00584],
						"0.75": [-2.02001, 3.86773, 10.02001],
						"0.7917": [-2.03892, 4.02223, 10.03892],
						"0.8333": [-2.06, 3.99495, 10.06],
						"0.875": [-2.08108, 3.7943, 10.08108],
						"0.9167": [-2.09999, 3.45655, 10.09999],
						"0.9583": [-2.11416, 3.05425, 10.11416],
						"1.0": [-2.12, 2.69, 10.12],
						"1.0417": [-2.12539, 2.25736, 10.12539],
						"1.0833": [-2.14146, 1.6431, 10.14146],
						"1.125": [-2.165, 1.10464, 10.165],
						"1.1667": [-2.18854, 0.9036, 10.18854],
						"1.2083": [-2.20461, 1.07086, 10.20461],
						"1.25": [-2.21, 1.52, 10.21],
						"1.2917": [-2.24633, 1.975, 10.27587],
						"1.3333": [-2.31169, 2.32203, 10.39436],
						"1.375": [-2.38811, 2.61664, 10.53292],
						"1.4167": [-2.47054, 2.87806, 10.68236],
						"1.4583": [-2.5566, 3.11562, 10.8384],
						"1.5": [-2.64496, 3.33457, 10.99858],
						"1.5417": [-2.73466, 3.53819, 11.16122],
						"1.5833": [-2.825, 3.72854, 11.325],
						"1.625": [-2.91534, 3.90695, 11.48878],
						"1.6667": [-3.00504, 4.07415, 11.65142],
						"1.7083": [-3.0934, 4.23036, 11.8116],
						"1.75": [-3.17946, 4.37522, 11.96764],
						"1.7917": [-3.26189, 4.50755, 12.11708],
						"1.8333": [-3.33831, 4.62464, 12.25564],
						"1.875": [-3.40367, 4.71993, 12.37413],
						"1.9167": [-3.44, 4.77, 12.44],
						"1.9583": [-3.50771, 4.81296, 12.13238],
						"2.0": [-3.64269, 4.89859, 11.51918],
						"2.0417": [-3.80722, 5.00297, 10.7717],
						"2.0833": [-3.98769, 5.11746, 9.95184],
						"2.125": [-4.17688, 5.23748, 9.09235],
						"2.2083": [-4.56312, 5.48252, 7.33765],
						"2.25": [-4.75231, 5.60254, 6.47816],
						"2.2917": [-4.93278, 5.71703, 5.6583],
						"2.3333": [-5.09731, 5.82141, 4.91082],
						"2.375": [-5.23229, 5.90704, 4.29762],
						"2.4167": [-5.3, 5.95, 3.99],
						"2.4583": [-5.25273, 5.80716, 4.13408],
						"2.5": [-5.1782, 5.58195, 4.36123],
						"2.5417": [-5.09505, 5.33069, 4.61466],
						"3.0833": [-3.85821, 1.59329, 8.38432],
						"3.2917": [-3.38341, 0.15856, 9.83144],