{
	"format_version": "1.8.0",
	"animations": {
		"static_idle": {
			"loop": true,
			"bones": {
				"righthand_pos": {
					"rotation": [115.55138, 368.97161, -170.30367],
					"position": [0, -4, 8]
				},
				"lefthand_pos": {
					"rotation": [118.89419, -29.87057, -191.8862],
					"position": [9, -4, 7]
				},
				"bone3": {
					"rotation": [-193.00249, -54.7014, 150.89184],
					"position": [-2, 4, -5]
				}
			}
		}
	}
}