{
	"format_version": "1.8.0",
	"animations": {
		"static_idle": {
			"loop": true,
			"bones": {
				"hexadecagon": {
					"rotation": [-20.17393, -10.17781, -25.68482],
					"position": [5.1875, 11.6875, 2]
				},
				"righthand_pos": {
					"rotation": [105.228, 12.32726, -178.67693],
					"position": [2, -2, 10]
				},
				"lefthand_pos": {
					"rotation": [86.65079, -29.50176, -125.58753],
					"position": [6.76563, 1.01563, 9.70313]
				},
				"bone": {
					"rotation": [-90.9764, -60.59199, -257.67156],
					"position": [1.64063, 10.59375, 1.26563]
				}
			}
		},
		"draw": {
			"loop": true,
			"animation_length": 3.5294,
			"bones": {
				"hexadecagon": {
					"rotation": [-20.17393, -10.17781, -25.68482],
					"position": [5.1875, 11.6875, 2]
				},
				"righthand_pos": {
					"rotation": {
						"0.0": [67.57374, 14.7438, -179.33587],
						"0.2941": [105.71159, 14.54242, -179.28096],
						"0.5392": [105.71159, 14.54242, -179.28096],
						"0.8824": [95.38472, 20.40542, -212.71625],
						"1.1275": [95.38472, 20.40542, -212.71625],
						"1.4216": [105.71159, 14.54242, -179.28096],
						"1.7157": [105.71159, 14.54242, -179.28096],
						"1.8627": [108.17238, 14.36281, -179.23198],
						"2.0588": [108.17238, 14.36281, -179.23198],
						"2.2549": [132.7798, 14.0914, -179.15798],
						"2.5": [132.7798, 14.0914, -179.15798],
						"2.598": [137.13183, 14.0914, -179.15798],
						"2.7451": [132.7798, 14.0914, -179.15798],
						"2.9412": [132.7798, 14.0914, -179.15798],
						"3.5294": [105.228, 12.32726, -178.67693]
					},
					"position": {
						"0.0": [2, -10, 10],
						"0.2941": {
							"pre": [2, -1.33, 10],
							"post": [2, -1.33, 10],
							"lerp_mode": "catmullrom"
						},
						"0.5392": [2, -1.33, 10],
						"0.8824": {
							"pre": [1.8125, 1.1525, 9],
							"post": [1.8125, 1.1525, 9],
							"lerp_mode": "catmullrom"
						},
						"1.1275": [1.8125, 1.1525, 9],
						"1.4216": {
							"pre": [2, -1.33, 10],
							"post": [2, -1.33, 10],
							"lerp_mode": "catmullrom"
						},
						"1.7157": [2, -1.33, 10],
						"1.8627": [2, -1.33, 10],
						"2.0588": {
							"pre": [2, -1.33, 10],
							"post": [2, -1.33, 10],
							"lerp_mode": "catmullrom"
						},
						"2.2549": {
							"post": [3, -4.045, 11.5],
							"lerp_mode": "catmullrom"
						},
						"2.5": [3, -4.045, 11.5],
						"2.7451": [3, -4.045, 11.5],
						"2.9412": [3, -4.045, 11.5],
						"3.5294": [2, -2, 10]
					}
				},
				"lefthand_pos": {
					"rotation": {
						"0.0": [86.65079, -29.50176, -125.58753],
						"0.2941": [95.28625, -31.75338, -143.07949],
						"0.5392": [95.28625, -31.75338, -143.07949],
						"0.8824": [96.7162, -57.54574, -144.3674],
						"1.1275": [96.7162, -57.54574, -144.3674],
						"1.4216": [95.28625, -31.75338, -143.07949],
						"1.7157": [95.28625, -31.75338, -143.07949],
						"1.8627": [95.28625, -31.75338, -143.07949],
						"2.0588": [95.28625, -31.75338, -143.07949],
						"2.2549": [128.32352, -16.48509, -168.29459],
						"2.5": [128.32352, -16.48509, -168.29459],
						"2.598": [132.32352, -16.48509, -168.29459],
						"2.7451": [128.32352, -16.48509, -168.29459],
						"2.9412": [128.32352, -16.48509, -168.29459],
						"3.5294": [86.65079, -29.50176, -125.58753]
					},
					"position": {
						"0.0": [6.76563, -15.98437, 9.70313],
						"0.2941": {
							"pre": [6.77, 0.4925, 9.7],
							"post": [6.77, 0.4925, 9.7],
							"lerp_mode": "catmullrom"
						},
						"0.5392": [6.77, 0.4925, 9.7],
						"0.8824": [8.52, -0.62, 9.7],
						"1.1275": [8.52, -0.62, 9.7],
						"1.4216": {
							"pre": [6.77, 0.4925, 9.7],
							"post": [6.77, 0.4925, 9.7],
							"lerp_mode": "catmullrom"
						},
						"1.4706": [6.77, 0.60286, 9.7],
						"1.5196": [6.77, 0.86181, 9.7],
						"1.5686": [6.77, 1.0949, 9.7],
						"1.6176": [6.77, 1.13912, 9.7],
						"1.6667": [6.77, 0.93315, 9.7],
						"1.7157": [6.77, 0.4925, 9.7],
						"1.7647": [6.77, -0.01157, 9.7],
						"1.8627": [6.77, 0.4925, 9.7],
						"2.0588": {
							"pre": [6.77, 0.4925, 9.7],
							"post": [6.77, 0.4925, 9.7],
							"lerp_mode": "catmullrom"
						},
						"2.2549": {
							"post": [2.2075, -3.5075, 11.8875],
							"lerp_mode": "catmullrom"
						},
						"2.5": [2.2075, -3.5075, 11.8875],
						"2.7451": [2.2075, -3.5075, 11.8875],
						"2.9412": {
							"pre": [2.2075, -2.7575, 11.8875],
							"post": [2.2075, -2.7575, 11.8875],
							"lerp_mode": "catmullrom"
						},
						"3.5294": [6.76563, 1.01563, 9.70313]
					}
				},
				"bone": {
					"rotation": {
						"0.0": [-90.9764, -60.59199, -257.67156],
						"0.2941": [-90.9764, -60.59199, -257.67156],
						"0.5392": {
							"pre": [-90.9764, -60.59199, -257.67156],
							"post": [-90.9764, -60.59199, -257.67156],
							"lerp_mode": "catmullrom"
						},
						"0.8824": [-206.40953, -27.45224, -185.81606],
						"0.9314": [-206.40953, -27.45224, -185.51163],
						"0.9804": [-206.40953, -27.45224, -184.71063],
						"1.0784": [-206.40953, -27.45224, -182.7062],
						"1.1275": [-206.40953, -27.45224, -182.04625],
						"1.1765": [-206.40953, -27.45224, -181.81606],
						"1.2255": [-198.8809, -29.61363, -186.7634],
						"1.2745": [-173.40446, -36.92768, -203.50494],
						"1.3235": [-133.61521, -48.35079, -229.65197],
						"1.3725": [-101.33975, -57.61677, -250.86141],
						"1.4216": [-90.9764, -60.59199, -257.67156],
						"1.7157": {
							"pre": [-90.9764, -60.59199, -257.67156],
							"post": [-90.9764, -60.59199, -257.67156],
							"lerp_mode": "catmullrom"
						},
						"1.8627": {
							"post": [-267.88498, -76.89583, -80.58216],
							"lerp_mode": "catmullrom"
						},
						"2.0588": [-267.88498, -76.89583, -80.58216],
						"2.2549": [-267.88498, -76.89583, -80.58216],
						"2.5": {
							"pre": [-267.88498, -76.89583, -80.58216],
							"post": [-267.88498, -76.89583, -80.58216],
							"lerp_mode": "catmullrom"
						},
						"2.7451": {
							"post": [-116.47883, -53.81308, -227.1387],
							"lerp_mode": "catmullrom"
						},
						"2.9412": [-116.47883, -53.81308, -227.1387],
						"3.1373": [-87.97802, -56.07271, -237.31632],
						"3.3333": [-87.97802, -56.07271, -237.31632],
						"3.5294": [-90.9764, -60.59199, -257.67156]
					},
					"position": {
						"0.0": [1.64063, -6.40625, 1.26563],
						"0.049": [1.64063, -5.38797, 1.26563],
						"0.098": [1.64063, -2.35284, 1.26563],
						"0.1961": [1.64063, 6.54034, 1.26563],
						"0.2451": [1.64063, 9.57547, 1.26563],
						"0.2941": [1.64063, 10.59375, 1.26563],
						"0.3431": [1.64063, 10.55704, 1.26563],
						"0.4412": [1.64063, 10.33791, 1.26563],
						"0.4902": [1.64063, 10.36437, 1.26563],
						"0.5392": [1.64063, 10.59375, 1.26563],
						"0.5882": [1.64063, 10.80208, 1.26563],
						"0.6373": [1.64063, 10.86254, 1.26563],
						"0.6863": [1.64063, 10.83934, 1.26563],
						"0.7353": [1.64063, 10.77249, 1.26563],
						"0.7843": [1.64063, 10.69176, 1.26563],
						"0.8333": [1.64063, 10.62325, 1.26563],
						"0.8824": [1.64063, 10.59375, 1.26563],
						"0.9314": [1.64063, 10.61286, 1.26563],
						"1.0294": [1.64063, 10.72564, 1.26563],
						"1.0784": [1.64063, 10.70037, 1.26563],
						"1.1275": [1.64063, 10.59375, 1.26563],
						"1.1765": [1.64063, 10.4921, 1.26563],
						"1.2255": [1.64063, 10.45901, 1.26563],
						"1.2745": [1.64063, 10.48258, 1.26563],
						"1.3725": [1.64063, 10.57689, 1.26563],
						"1.4216": [1.64063, 10.59375, 1.26563],
						"1.7157": [1.64063, 10.59375, 1.26563],
						"1.8627": [1.64063, 10.59375, 1.26563],
						"2.0588": [1.64063, 10.59375, 1.26563],
						"2.1078": [1.64063, 10.75595, 1.67112],
						"2.2059": [1.64063, 12.43155, 5.86014],
						"2.2549": [1.64063, 12.59375, 6.26563],
						"2.5": [1.64063, 12.59375, 6.26563],
						"2.7451": [1.64063, 12.59375, 6.26563],
						"2.9412": [1.64063, 12.59375, 6.26563],
						"2.9902": [1.64063, 12.52094, 6.08361],
						"3.0392": [1.64063, 12.37581, 5.72077],