{
	"format_version": "1.8.0",
	"animations": {
		"static_idle": {
			"loop": true,
			"bones": {
				"bone7": {
					"rotation": [-149.26162, 66.55151, -147.04902],
					"position": [4, 9, 0]
				},
				"righthand_pos": {
					"rotation": [96.63009, 42.48271, -184.56174],
					"position": [-5, 0, 10]
				},
				"lefthand_pos": {
					"rotation": [65.50456, -28.08373, -106.53458],
					"position": [12, 3, 7]
				},
				"root": {
					"rotation": [0, 0, 0],
					"position": [0, 0, 0],
					"scale": 1
				}
			}
		},
		"draw": {
			"loop": true,
			"animation_length": 4.5,
			"bones": {
				"bone7": {
					"rotation": [-149.26162, 66.55151, -147.04902],
					"position": [4, 9, 0]
				},
				"righthand_pos": {
					"rotation": {
						"0.0": [96.63009, 42.48271, -184.56174],
						"0.2917": [96.63009, 42.48271, -184.56174],
						"1.7083": [96.63009, 42.48271, -184.56174],
						"2.0": [96.63009, 42.48271, -184.56174],
						"2.2917": [159.13009, 42.48271, -184.56174],
						"2.5833": [99.89116, 67.47704, -245.57168],
						"2.875": [94.48464, 32.69913, -252.29545],
						"3.125": [65.05511, 45.63097, -259.25939],
						"3.25": [95.26241, 44.15809, -251.05036],
						"3.4583": [144.48464, 32.69913, -252.29545],
						"4.5": [96.63009, 42.48271, -184.56174]
					},
					"position": {
						"0.0": [-5, 0, 10],
						"0.2917": [-5, 0, 10],
						"1.7083": [-5, 0, 10],
						"2.0": [-5, 0, 10],
						"2.2917": [6, -14, 2],
						"2.5833": [4, -5, 2],
						"2.875": [4, -1, 5],
						"3.125": [4, -1.9375, 7.0625],
						"3.25": [3.625, -2.6875, 7.1875],
						"3.4583": [4, -1, 5],
						"4.5": [-5, 0, 10]
					}
				},
				"lefthand_pos": {
					"rotation": {
						"0.0": [65.50456, -28.08373, -106.53458],
						"0.2917": [65.50456, -28.08373, -106.53458],
						"0.9167": {
							"pre": [65.50456, -28.08373, -106.53458],
							"post": [65.50456, -28.08373, -106.53458],
							"lerp_mode": "catmullrom"
						},
						"1.7083": {
							"post": [126.59617, -0.20799, -240.31872],
							"lerp_mode": "catmullrom"
						},
						"3.875": [126.59617, -0.20799, -240.31872],
						"4.5": [65.50456, -28.08373, -106.53458]
					},
					"position": {
						"0.0": [12, 3, 7],
						"0.2917": [12, 3, 7],
						"0.9167": [12, 3, 7],
						"1.7083": [12, -1, 4],
						"3.875": [12, -1, 4],
						"4.5": [12, 3, 7]
					}
				},
				"camera": {
					"rotation": {
						"0.0": [0, 0, 0],
						"0.1667": {
							"pre": [7.5, 0, 0],
							"post": [7.5, 0, 0],
							"lerp_mode": "catmullrom"
						},
						"0.3333": {
							"post": [-5, 0, 0],
							"lerp_mode": "catmullrom"
						},
						"0.6667": {
							"post": [0, 0, 0],
							"lerp_mode": "catmullrom"
						},
						"1.0": {
							"post": [7.5, 0, 0],
							"lerp_mode": "catmullrom"
						},
						"1.3333": {
							"post": [12.5, 0, 0],
							"lerp_mode": "catmullrom"
						},
						"1.9167": {
							"post": [12.5, 0, 0],
							"lerp_mode": "catmullrom"
						},
						"2.375": {
							"post": [0, 0, 0],
							"lerp_mode": "catmullrom"
						}
					},
					"position": {
						"0.0": [0, 0, 0],
						"0.6667": [0, 0, 0],
						"1.3333": [0, 0, 0],
						"1.9167": [0, 0, 0],
						"2.375": [0, 0, 0]
					}
				},
				"root": {
					"rotation": {
						"0.0": [0, 0, 0],
						"0.2917": [0, 0, 0],
						"0.625": [0, 0, 0],
						"0.9167": [0, 0, 0],
						"1.2917": [0, 0, 0],
						"1.5417": [0, 0, -15],
						"2.0": [0, 0, -15],
						"2.5": [53.80286, -10.54794, 30.20603],
						"2.875": [53.80286, -10.54794, 30.20603],
						"3.25": [41.29, -8.09, 23.18],
						"3.875": [41.29, -8.09, 23.18],
						"4.5": [0, 0, 0]
					},
					"position": {
						"0.0": [0, -20, 0],
						"0.2917": {
							"pre": [0, 0, 0],
							"post": [0, 0, 0],
							"lerp_mode": "catmullrom"
						},
						"0.625": [0, 0, 0],
						"0.9167": {
							"pre": [0, -2, 5],
							"post": [0, -2, 5],
							"lerp_mode": "catmullrom"
						},
						"1.2917": [0, -2, 5],
						"1.5417": {
							"pre": [0, -3.9, 4.76],
							"post": [0, -3.9, 4.76],
							"lerp_mode": "catmullrom"
						},
						"2.0": {
							"post": [0, -3.9, 4.76],
							"lerp_mode": "catmullrom"
						},
						"2.5": [0, 10.56, 0.2],
						"2.875": {
							"pre": [0, 11.56, 0.2],
							"post": [0, 11.56, 0.2],
							"lerp_mode": "catmullrom"
						},
						"3.25": [0, 8.87, 0.15],
						"3.875": [0, 8.87, 0.15],
						"4.5": [0, 0, 0]
					},
					"scale": {
						"0.0": [1, 1, 1],
						"0.2917": [1, 1, 1],
						"0.625": [1, 1, 1],
						"0.9167": [1, 1, 1],
						"1.2917": [1, 1, 1],
						"4.5": [1, 1, 1]
					}
				},
				"bone5": {
					"rotation": {
						"3.125": [0, 0, 0],
						"3.375": [-295, 0, 0],
						"3.5417": [-196.39, 0, 0],
						"4.1667": [0, 0, 0]
					},
					"position": [0, 0, 0]
				},
				"bone4": {
					"rotation": {
						"3.2083": [0, 0, 0],
						"3.4583": [-295, 0, 0],
						"3.625": [-196.39, 0, 0],
						"4.25": [0, 0, 0]
					},
					"position": [0, 0, 0]
				},
				"bone3": {
					"rotation": {
						"3.25": [0, 0, 0],
						"3.5": [-295, 0, 0],
						"3.6667": [-196.39, 0, 0],
						"4.2917": [0, 0, 0]
					},
					"position": [0, 0, 0]
				},
				"bone2": {
					"rotation": {
						"3.2917": [0, 0, 0],
						"3.5417": [-295, 0, 0],
						"3.7083": [-196.39, 0, 0],
						"4.3333": [0, 0, 0]
					},
					"position": [0, 0, 0]
				}
			}
		}
	}
}