{
	"format_version": "1.8.0",
	"animations": {
		"static_idle": {
			"loop": true,
			"bones": {
				"gun": {
					"rotation": [-147.02438, 56.45457, 204.82817],
					"position": [4, 9.5, 1.1875]
				},
				"lefthand_pos": {
					"rotation": [92.82033, -33.11972, -119.29811],
					"position": [7, -1, 12],
					"scale": [1, 1.4, 1]
				},
				"righthand_pos": {
					"rotation": [72.197, -332.75706, -262.89055],
					"position": [-4, -1, 14],
					"scale": [1, 1.3, 1]
				}
			}
		},
		"draw": {
			"animation_length": 3.625,
			"bones": {
				"gun": {
					"rotation": {
						"0.0": [-147.02438, 56.45457, 204.82817],
						"0.0417": [-149.53711, 56.45457, 204.82817],
						"0.0833": [-150.54437, 56.45457, 204.82817],
						"0.125": [-150.72932, 56.45457, 204.82817],
						"0.1667": [-150.40917, 56.45457, 204.82817],
						"0.2083": [-149.77451, 56.45457, 204.82817],
						"0.2917": [-148.11394, 56.45457, 204.82817],
						"0.3333": [-147.37711, 56.45457, 204.82817],
						"0.375": [-147.02438, 56.45457, 204.82817],
						"0.4167": [-146.54208, 56.45457, 204.82817],
						"0.4583": [-145.26769, 56.45457, 204.82817],
						"0.5": [-143.49547, 56.45457, 204.82817],
						"0.5417": [-141.55328, 56.45457, 204.82817],
						"0.5833": [-139.78106, 56.45457, 204.82817],
						"0.625": [-138.50668, 56.45457, 204.82817],
						"0.6667": [-138.02438, 56.45457, 204.82817],
						"0.7083": [-138.5141, 56.28704, 204.23387],
						"0.75": [-139.59252, 55.90658, 202.88418],
						"0.7917": [-140.91611, 55.41456, 201.13874],
						"0.8333": [-142.28023, 54.86631, 199.19382],
						"0.875": [-143.52596, 54.30074, 197.18745],
						"0.9167": [-144.49865, 53.75249, 195.24254],
						"0.9583": [-145.01337, 53.26047, 193.49709],
						"1.0": [-144.80679, 52.88001, 192.14741],
						"1.0417": [-143.42729, 52.71249, 191.5531],
						"1.0833": [-143.06855, 52.73321, 191.62662],
						"1.125": [-144.8117, 52.77602, 191.77849],
						"1.1667": [-147.60586, 52.82904, 191.96657],
						"1.2083": [-151.01163, 52.8875, 192.17396],
						"1.25": [-154.78075, 52.94873, 192.39119],
						"1.3333": [-162.74006, 53.07206, 192.82868],
						"1.375": [-166.62101, 53.13052, 193.03607],
						"1.4167": [-170.16384, 53.18353, 193.22415],
						"1.4583": [-172.97061, 53.22635, 193.37602],
						"1.5": [-173.94116, 53.24707, 193.44954],
						"1.5417": [-174.28346, 53.24707, 193.44954],
						"1.5833": [-175.88285, 53.24707, 193.44954],
						"1.625": [-178.04856, 53.24707, 193.44954],
						"1.6667": [-180.55245, 53.24707, 193.44954],
						"1.7083": [-183.28335, 53.24707, 193.44954],
						"1.75": [-186.17548, 53.24707, 193.44954],
						"1.9167": [-198.50232, 53.24707, 193.44954],
						"1.9583": [-201.44116, 53.24707, 193.44954],
						"2.0": [-200.16257, 53.30451, 193.6533],
						"2.0417": [-194.98684, 53.43495, 194.11605],
						"2.0833": [-188.16054, 53.60364, 194.71449],
						"2.125": [-180.52576, 53.79161, 195.38132],
						"2.1667": [-172.57774, 53.98552, 196.06922],
						"2.2083": [-164.73618, 54.17349, 196.73604],
						"2.25": [-157.52513, 54.34219, 197.33448],
						"2.2917": [-151.95549, 54.47263, 197.79723],
						"2.3333": [-152.17445, 54.53007, 198.00099],
						"2.375": [-159.21268, 53.20785, 197.34773],
						"2.4167": [-164.39974, 50.35713, 195.93929],
						"2.4583": [-168.82342, 46.75883, 194.16148],
						"2.5": [-172.69936, 42.76839, 192.18994],
						"2.5417": [-176.08849, 38.60516, 190.13303],
						"2.5833": [-178.98305, 34.44192, 188.07611],
						"2.625": [-181.31742, 30.45149, 186.10457],
						"2.6667": [-182.94515, 26.85318, 184.32677],
						"2.7083": [-183.55392, 24.00246, 182.91832],
						"2.75": [-182.31454, 22.68025, 182.26506],
						"2.7917": [-179.9832, 22.68025, 182.26506],
						"2.8333": [-178.38228, 22.68025, 182.26506],
						"2.875": [-177.31007, 22.68025, 182.26506],
						"2.9167": [-176.69025, 22.68025, 182.26506],
						"2.9583": [-176.5073, 22.68025, 182.26506],
						"3.0": [-176.79443, 22.68025, 182.26506],
						"3.0417": [-177.64744, 22.68025, 182.26506],
						"3.0833": [-179.28681, 22.68025, 182.26506],
						"3.125": [-182.31454, 22.68025, 182.26506],
						"3.1667": [-183.01815, 24.19228, 183.27518],
						"3.2083": [-180.01164, 27.62613, 185.56919],
						"3.25": [-175.34319, 32.06687, 188.53585],
						"3.375": [-169.85143, 37.01511, 191.84154],
						"3.5": [-164.03576, 42.1197, 195.25169],
						"3.625": [-147.02438, 56.45457, 204.82817]
					},
					"position": {
						"0.0": {
							"post": [4, -11.5, 1.1875],
							"lerp_mode": "catmullrom"
						},
						"0.375": {
							"post": [4, 9.5, 1.1875],
							"lerp_mode": "catmullrom"
						},
						"0.6667": {
							"post": [4, 9.5, 1.1875],
							"lerp_mode": "catmullrom"
						},
						"3.625": [4, 9.5, 1.1875]
					}
				},
				"bone7": {
					"rotation": {
						"2.5833": [0, -362, 0],
						"2.625": [0, -353.76468, 0],
						"2.6667": [0, -348.77102, 0],
						"2.7083": [0, -348.02264, 0],
						"2.75": [0, -353.11679, 0],
						"2.7917": [0, -366.81852, 0],
						"2.8333": [0, -394.36977, 0],
						"2.875": [0, -444.36898, 0],
						"2.9167": [0, -502.17335, 0],
						"2.9583": [0, -520.06, 0],
						"3.0": [0, -514.13051, 0],
						"3.0417": [0, -502.67126, 0],
						"3.0833": [0, -488.88319, 0],
						"3.125": [0, -473.83508, 0],
						"3.1667": [0, -458.06502, 0],
						"3.2083": [0, -441.91467, 0],
						"3.25": [0, -425.64533, 0],
						"3.2917": [0, -409.49498, 0],
						"3.3333": [0, -393.72492, 0],
						"3.375": [0, -378.67681, 0],
						"3.4167": [0, -364.88874, 0],
						"3.4583": [0, -353.42949, 0],
						"3.5": [0, -347.5, 0],
						"3.5417": [0, -348.78814, 0],
						"3.5833": [0, -358.71186, 0],
						"3.625": [0, -360, 0]
					}
				},
				"lefthand_pos": {
					"rotation": {
						"0.0": [94.44341, -32.96131, -122.2745],
						"0.875": [87.60669, -43.16036, -109.84186],
						"1.0833": [100.53187, -43.56976, -129.73332],
						"1.625": [69.75392, -37.45434, -83.89441],
						"2.0": [74.23368, -17.16969, -92.46034],
						"2.4167": [65.63764, -26.21063, -83.78918],
						"3.5": [92.82033, -33.11972, -119.29811]
					},
					"position": {
						"0.0": [8, -23, 13],
						"0.375": [8.54, -1.39, 11.93],
						"0.625": [7.9, -1.92, 11.22],
						"0.875": [8.34, -1.45, 10.51],
						"1.625": [12.67, -3.32, 10.36],
						"2.0": [10.74, 1.74, 10.89],
						"2.4167": [10.37, 0.59, 10.7],
						"2.875": [8.48, 0.96, 11.44],
						"3.5": [7, -1, 12]
					},
					"scale": [1, 1.4, 1]
				},
				"righthand_pos": {
					"rotation": {
						"0.0": [72.197, -332.75706, -262.89055],
						"1.0833": [72.89229, -337.52717, -261.23807],
						"1.4167": [71.15476, -327.3567, -264.96286],
						"1.9583": [68.9624, -319.34743, -268.60504],
						"2.3333": [71.86264, -332.05752, -263.3138],
						"3.125": [73.08503, -339.6897, -260.57348],
						"3.3333": [73.61643, -345.409, -258.78344],
						"3.625": [72.197, -332.75706, -262.89055]
					},
					"position": {
						"0.0": [-4, -24, 14],
						"0.375": [-7, -1.54, 14],
						"0.75": [-6, -1.33, 16],
						"1.0833": [-5.76, -1.29, 14.76],
						"1.4167": [-5.52, -1.25, 13.66],
						"2.75": [-8.7, 2.89, 15.84],
						"2.9583": [-14.68, 2.04, 15.44],
						"3.125": [-14.68, 2.04, 15.44],
						"3.625": [-4, -1, 14]
					},
					"scale": {
						"0.0": [1, 1.3, 1],
						"3.625": [1, 1.3, 1]
					}
				},
				"camera": {
					"rotation": {
						"0.0": [0, 0, 0],
						"0.0417": [0.68453, -0.08201, 0],
						"0.0833": [3.15075, -0.06056, 0],
						"0.125": [6.84925, 0.06056, 0],
						"0.1667": [9.31547, 0.08201, 0],
						"0.2083": [10, 0, 0],
						"0.25": [8.66656, -0.02344, -0.03742],
						"0.2917": [2.0009, 0.26041, -0.13373],
						"0.3333": [-0.9226, 0.52156, -0.2453],
						"0.375": [-2.39004, 0.46603, -0.30398],
						"0.4167": [-3.24568, 0.26816, -0.23762],
						"0.4583": [-3.75, 0, 0],
						"0.5": [-4.01133, -0.2598, 0.21925],
						"0.5417": [-4.10445, -0.44274, 0.2971],