{
	"format_version": "1.8.0",
	"animations": {
		"static_idle": {
			"loop": true,
			"bones": {
				"bone2": {
					"rotation": [170, -15, -180],
					"position": [2, 2, 3]
				},
				"righthand_pos": {
					"rotation": [129.36266, 374.37815, -165.93488],
					"position": [1, 1, 8.5]
				},
				"lefthand_pos": {
					"rotation": [97.76488, -17.41696, -181.13544],
					"position": [6, -2, 9]
				}
			}
		},
		"draw": {
			"animation_length": 5,
			"bones": {
				"hexadecagon": {
					"rotation": {
						"2.125": [0, 0, 0],
						"2.375": [0, 0, 0],
						"2.7083": [0, 0, -70],
						"3.4167": [0, 0, -70],
						"3.9583": [0, 0, 0]
					},
					"position": {
						"2.125": [0, 0, 0],
						"2.375": [0, 0, 0],
						"2.5": [-2.3075, 0.37, 0],
						"2.7083": [-5, 1, 0],
						"3.4167": [-5, 1, 0],
						"3.5": [-3.5425, 0.85, 0],
						"3.625": [-1.5525, 0.6, 0],
						"3.7917": [-0.1, 0.33, 0],
						"3.9583": [0, 0, 0]
					}
				},
				"bone2": {
					"rotation": [170, -15, -180],
					"position": [2, 2, 3]
				},
				"camera": {
					"rotation": {
						"0.0": [0, 0, 0],
						"0.1667": {
							"pre": [12.5, 0, 0],
							"post": [12.5, 0, 0],
							"lerp_mode": "catmullrom"
						},
						"0.4583": {
							"post": [1.75, 0, 0],
							"lerp_mode": "catmullrom"
						},
						"2.7083": [8.38, 0, 0],
						"3.3333": [-3.91, 0, 0],
						"3.5417": {
							"pre": [-3.91, 0, 0],
							"post": [-3.91, 0, 0],
							"lerp_mode": "catmullrom"
						},
						"3.7083": {
							"post": [11.51423, -7.48181, -0.52354],
							"lerp_mode": "catmullrom"
						},
						"3.875": {
							"post": [-3.91, 0, 0],
							"lerp_mode": "catmullrom"
						},
						"4.0833": {
							"post": [11.51423, 7.48181, 0.52354],
							"lerp_mode": "catmullrom"
						},
						"4.4167": {
							"post": [0, 0, 0],
							"lerp_mode": "catmullrom"
						}
					},
					"position": {
						"0.0": [0, 0, 0],
						"5.0": [0, 0, 0]
					}
				},
				"root": {
					"rotation": {
						"0.0": [-17.5, -15, 0],
						"0.2917": [-18.19444, -9.16667, 0],
						"0.75": [0, 0, 0],
						"1.125": [0, 0, 0],
						"1.4583": [-11.43, -11.43, 0],
						"1.6667": [-11.43, -11.43, 0],
						"2.125": [-11.43, -11.43, 0],
						"2.375": [-10.49, -10.49, 0],
						"2.7083": [-11.35548, -16.99206, -0.39789],
						"3.2083": [-11.35548, -16.99206, -0.39789],
						"3.5417": [-9.5, -14.21, -0.33],
						"3.7083": [-8.41, -12.59, -0.29],
						"4.0": [-8.41, -12.59, -0.29],
						"4.4583": [0, 0, 0],
						"5.0": [0, 0, 0]
					},
					"position": {
						"0.0": [0, -20, 0],
						"0.0417": [0, -20.32588, 0],
						"0.0833": [0, -19.56514, 0],
						"0.125": [0, -18.28589, 0],
						"0.1667": [0, -16.69702, 0],
						"0.2083": [0, -14.90554, 0],
						"0.25": [0, -12.97721, 0],
						"0.2917": [0, -10.95855, 0],
						"0.3333": [0, -8.88691, 0],
						"0.375": [0, -6.79679, 0],
						"0.4167": [0, -4.72545, 0],
						"0.4583": [0, -2.72051, 0],
						"0.5": [0, -0.85588, 0],
						"0.5417": [0, 0.72192, 0],
						"0.5833": {
							"pre": [0, 1.56, 0],
							"post": [0, 1.56, 0],
							"lerp_mode": "catmullrom"
						},
						"0.75": {
							"post": [0, 0, 0],
							"lerp_mode": "catmullrom"
						},
						"1.125": {
							"post": [0, 0, 0],
							"lerp_mode": "catmullrom"
						},
						"1.4583": {
							"post": [-2.86, -3.43, 2.29],
							"lerp_mode": "catmullrom"
						},
						"1.6667": [-3.69, -3.23, 2.16],
						"1.7083": [-3.69, -3.19245, 2.16],
						"1.75": [-3.69, -3.11876, 2.16],
						"1.875": [-3.69, -2.88131, 2.16],
						"1.9167": [-3.69, -2.82646, 2.16],
						"1.9583": [-3.69, -2.79635, 2.16],
						"2.0": [-3.69, -2.80086, 2.16],
						"2.0417": [-3.69, -2.85438, 2.16],
						"2.0833": [-3.69, -2.98105, 2.16],
						"2.125": [-3.69, -3.23, 2.16],
						"2.1667": [-3.67203, -3.50363, 2.14922],
						"2.2083": [-3.61847, -3.60811, 2.11708],
						"2.25": [-3.54, -3.50643, 2.07],
						"2.2917": [-3.46153, -3.26037, 2.02292],
						"2.3333": [-3.40797, -3.04525, 1.99078],
						"2.375": {
							"pre": [-3.39, -2.97, 1.98],
							"post": [-3.39, -2.97, 1.98],
							"lerp_mode": "catmullrom"
						},
						"2.7083": {
							"post": [-5.96, -5.59, 3.73],
							"lerp_mode": "catmullrom"
						},
						"2.75": [-5.96, -5.71034, 3.73],
						"2.7917": [-5.96, -5.95557, 3.73],
						"2.8333": [-5.96, -6.22863, 3.73],
						"2.875": [-5.96, -6.48, 3.73],
						"2.9167": [-5.96, -6.68057, 3.73],
						"2.9583": [-5.96, -6.81158, 3.73],
						"3.0": [-5.96, -6.85999, 3.73],
						"3.0417": [-5.96, -6.81622, 3.73],
						"3.0833": [-5.96, -6.67286, 3.73],
						"3.125": [-5.96, -6.42384, 3.73],
						"3.1667": [-5.96, -6.06432, 3.73],
						"3.2083": [-5.96, -5.59, 3.73],
						"3.25": [-5.91227, -5.08336, 3.70029],
						"3.2917": [-5.79655, -4.64178, 3.62826],
						"3.3333": [-5.64214, -4.29113, 3.53215],
						"3.375": [-5.47, -4.07327, 3.425],
						"3.4167": [-5.29786, -4.05106, 3.31785],
						"3.4583": [-5.14345, -4.26538, 3.22174],
						"3.5": [-5.02773, -4.56181, 3.14971],
						"3.5417": {
							"pre": [-4.98, -4.68, 3.12],
							"post": [-4.98, -4.68, 3.12],
							"lerp_mode": "catmullrom"
						},
						"3.7083": [-4.41, -4.15, 2.76],
						"4.0": [-4.41, -4.15, 2.76],
						"4.4583": {
							"pre": [0, 0, 0],
							"post": [0, 0, 0],
							"lerp_mode": "catmullrom"
						},
						"4.75": {
							"post": [0, -2, 0],
							"lerp_mode": "catmullrom"
						},
						"5.0": [0, 0, 0]
					},
					"scale": {
						"0.0": [1, 1, 1],
						"0.75": [1, 1, 1],
						"1.125": [1, 1, 1],
						"4.4583": [1, 1, 1],
						"5.0": [1, 1, 1]
					}
				},
				"righthand_pos": {
					"rotation": {
						"0.0": [129.36266, 374.37815, -165.93488],
						"0.75": [129.36, 374.38, -165.93],
						"1.125": [129.36, 374.38, -165.93],
						"1.4583": [121.86, 374.38, -165.93],
						"1.6667": [121.86, 374.38, -165.93],
						"2.125": [121.86, 374.38, -165.93],
						"2.375": [121.86, 374.38, -165.93],
						"2.7083": [121.86, 374.38, -165.93],
						"3.2083": [121.86, 374.38, -165.93],
						"4.75": [121.86, 374.38, -165.93],
						"5.0": [129.36266, 374.37815, -165.93488]
					},
					"position": {
						"0.0": [1, 1, 8.5],
						"0.75": [1, 1, 8.5],
						"1.125": [1, 1, 8.5],
						"1.4583": [3, 2, 6.5],
						"1.6667": [3, 2, 6.5],
						"2.125": [3, 2, 6.5],
						"2.375": [3, 2, 6.5],
						"2.7083": [3, 2, 6.5],
						"3.2083": [3, 2, 6.5],
						"4.75": [3, 2, 6.5],
						"5.0": [1, 1, 8.5]
					}
				},
				"lefthand_pos": {
					"rotation": {
						"0.0": [97.76488, -17.41696, -181.13544],
						"1.6667": [97.76, -17.42, -181.14],
						"1.875": [117.76, -17.42, -181.14],
						"2.125": [122.33863, -2.12398, -207.41994],
						"2.375": [122.33863, -2.12398, -207.41994],
						"2.6667": [113.61149, -22.85901, -169.14345],
						"3.4167": [113.61149, -22.85901, -169.14345],
						"3.7083": [117.76, -17.42, -181.14],
						"3.9583": [122.33863, -2.12398, -207.41994],
						"4.5": [97.76, -17.42, -181.14],
						"5.0": [97.76488, -17.41696, -181.13544]
					},
					"position": {
						"0.0": [6, -2, 9],
						"1.6667": [6, -2, 9],
						"1.875": [6, 2, 5],
						"2.125": [6, 0, 4],
						"2.375": [6, 0, 4],
						"2.6667": [11, 3, 4],
						"3.4167": [11, 3, 4],
						"3.7083": [6, 2, 5],
						"3.9583": [6, 0, 4],
						"4.5": [6, -2, 9],
						"5.0": [6, -2, 9]
					}
				}
			}
		}
	}
}