{
	"format_version": "1.8.0",
	"animations": {
		"static_idle": {
			"loop": true,
			"bones": {
				"bone8": {
					"rotation": [73.9326, 56.28167, 77.00746],
					"position": [-3.75, 5.25, 0.3125]
				},
				"righthand_pos": {
					"rotation": [117, 10, -180],
					"position": [0, -5, 0]
				},
				"lefthand_pos": {
					"rotation": [117.77208, 8.54969, -172.02229],
					"position": [5, -5, 1.25]
				}
			}
		},
		"draw": {
			"animation_length": 5.5,
			"bones": {
				"bolt": {
					"rotation": {
						"3.25": [0, 0, 0],
						"3.375": [-52.5, 0, 0],
						"3.625": [-67.5, 0, 0],
						"4.25": [-67.5, 0, 0],
						"4.375": [0, 0, 0]
					},
					"position": [0, 0, 0]
				},
				"bolt2": {
					"rotation": [0, 0, 0],
					"position": [0, 0, 0]
				},
				"bone11": {
					"rotation": {
						"2.625": [0, 0, 0],
						"2.7917": [30.71, 0, 0],
						"2.9583": [30.71, 0, 0],
						"3.0833": [0, 0, 0]
					},
					"position": {
						"0.0": [0, 0, 0],
						"2.625": [0, 0, 0],
						"3.0833": [0, 0, 0]
					}
				},
				"bone8": {
					"rotation": [73.9326, 56.28167, 77.00746],
					"position": [-3.75, 5.25, 0.3125]
				},
				"camera": {
					"rotation": {
						"0.0": [0, 0, 0],
						"0.375": {
							"pre": [12.5, 0, 0],
							"post": [12.5, 0, 0],
							"lerp_mode": "catmullrom"
						},
						"0.6667": {
							"post": [0, 0, 0],
							"lerp_mode": "catmullrom"
						},
						"1.0417": [0, 0, 0],
						"1.0833": [0.29075, 0.0604, 0],
						"1.125": [0.89138, 0.19571, 0],
						"1.375": [5.86482, 0.43107, 0],
						"1.4167": [6.60862, 0.31934, 0],
						"1.4583": [7.20925, 0.17436, 0],
						"1.5": [7.5, 0, 0],
						"1.5417": [7.2678, -0.16932, 0],
						"1.9583": [1.70645, -0.30987, 0],
						"2.0833": [0.2322, -0.04446, 0],
						"2.125": [0, 0, 0],
						"2.5417": [-2.7, 0, 0],
						"3.2083": {
							"pre": [0, 0, 0],
							"post": [0, 0, 0],
							"lerp_mode": "catmullrom"
						},
						"3.6667": {
							"post": [-7.5, 0, 0],
							"lerp_mode": "catmullrom"
						},
						"4.0833": {
							"post": [2.13, 0, 0],
							"lerp_mode": "catmullrom"
						},
						"4.75": {
							"post": [0, 0, 0],
							"lerp_mode": "catmullrom"
						},
						"5.5": [0, 0, 0]
					},
					"position": {
						"0.0": [0, 0, 0],
						"1.0417": [0, 0, 0],
						"1.5": [0, 0, 0],
						"2.125": [0, 0, 0],
						"3.2083": [0, 0, 0],
						"5.5": [0, 0, 0]
					}
				},
				"root": {
					"rotation": {
						"0.0": [0, 0, 0],
						"0.375": [0, 0, 0],
						"0.625": [0, 0, 0],
						"0.875": [0, 0, 0],
						"1.1667": {
							"pre": [-34.0293, -43.15888, 11.6734],
							"post": [-34.0293, -43.15888, 11.6734],
							"lerp_mode": "catmullrom"
						},
						"1.5": {
							"post": [-135.44132, -62.98605, 96.62588],
							"lerp_mode": "catmullrom"
						},
						"1.7083": {
							"post": [-153.81476, -68.85987, 116.69019],
							"lerp_mode": "catmullrom"
						},
						"3.5": [-153.81476, -68.85987, 116.69019],
						"3.9167": {
							"pre": [-121.77, -54.51, 92.38],
							"post": [-121.77, -54.51, 92.38],
							"lerp_mode": "catmullrom"
						},
						"4.4167": [-121.77, -54.51, 92.38],
						"4.75": {
							"pre": [-153.81476, -68.85987, 116.69019],
							"post": [-153.81476, -68.85987, 116.69019],
							"lerp_mode": "catmullrom"
						},
						"5.5": [0, 0, 0]
					},
					"position": {
						"0.0": [0, -41, 0],
						"0.375": {
							"pre": [0, -1, 0],
							"post": [0, -1, 0],
							"lerp_mode": "catmullrom"
						},
						"0.625": {
							"post": [0, 1, 0],
							"lerp_mode": "catmullrom"
						},
						"1.0417": {
							"post": [-0.39, -2.99, -3.34],
							"lerp_mode": "catmullrom"
						},
						"1.2917": {
							"post": [-6, -15, -15],
							"lerp_mode": "catmullrom"
						},
						"1.5": [-5.14, -2.14, -17.86],
						"1.7083": [-5.14, -3.14, -17.86],
						"1.75": [-5.13902, -3.22905, -17.85967],
						"1.7917": [-5.13719, -3.40377, -17.85906],
						"1.8333": [-5.135, -3.59719, -17.85833],
						"1.875": [-5.13262, -3.77994, -17.85754],
						"1.9167": [-5.13013, -3.93631, -17.85671],
						"1.9583": [-5.12758, -4.05683, -17.85586],
						"2.0": [-5.125, -4.13529, -17.855],
						"2.0417": [-5.12242, -4.16725, -17.85414],
						"2.0833": [-5.11987, -4.14952, -17.85329],
						"2.125": [-5.11738, -4.07958, -17.85246],
						"2.1667": [-5.115, -3.95526, -17.85167],
						"2.2083": [-5.11281, -3.77491, -17.85094],
						"2.25": [-5.11098, -3.53692, -17.85033],
						"2.2917": [-5.11, -3.24, -17.85],
						"2.3333": [-5.10696, -2.93646, -17.84969],
						"2.375": [-5.10157, -2.67909, -17.84907],
						"2.4167": [-5.09527, -2.46717, -17.84827],
						"2.4583": [-5.08846, -2.29984, -17.84732],
						"2.5": [-5.08132, -2.1761, -17.84624],
						"2.5417": [-5.07394, -2.09474, -17.84501],
						"2.5833": [-5.06639, -2.05442, -17.84363],
						"2.625": [-5.05871, -2.0536, -17.8421],
						"2.6667": [-5.05094, -2.09042, -17.84038],
						"2.7083": [-5.04309, -2.16286, -17.83847],
						"2.75": [-5.03521, -2.26858, -17.83632],
						"2.7917": [-5.02731, -2.40488, -17.83387],
						"2.8333": [-5.01943, -2.56863, -17.83106],
						"2.875": [-5.01161, -2.75637, -17.82776],
						"2.9167": [-5.00393, -2.96403, -17.82373],
						"2.9583": [-4.99653, -3.18701, -17.81845],
						"3.0": [-4.99, -3.42, -17.81],
						"3.0417": [-4.99199, -3.62089, -17.80372],
						"3.0833": [-5.00133, -3.75679, -17.80377],
						"3.125": [-5.01398, -3.83492, -17.80674],
						"3.1667": [-5.02846, -3.86182, -17.81143],
						"3.2083": [-5.04403, -3.8437, -17.81723],
						"3.25": [-5.06017, -3.78666, -17.82374],
						"3.2917": [-5.07649, -3.69707, -17.83069],
						"3.3333": [-5.09263, -3.58217, -17.83783],
						"3.4167": [-5.12236, -3.31593, -17.85154],
						"3.4583": [-5.13409, -3.198, -17.85713],
						"3.5": {
							"pre": [-5.14, -3.14, -17.86],
							"post": [-5.14, -3.14, -17.86],
							"lerp_mode": "catmullrom"
						},
						"3.9167": [-7.69, 1.13, -18.76],
						"4.4167": {
							"pre": [-7.69, 1.13, -18.76],
							"post": [-7.69, 1.13, -18.76],
							"lerp_mode": "catmullrom"
						},
						"4.75": [-5.14, -3.14, -17.86],
						"5.5": [0, 0, 0]
					},
					"scale": {
						"0.0": [1, 1, 1],
						"0.375": [1, 1, 1],
						"0.625": [1, 1, 1],
						"0.875": [1, 1, 1]
					}
				},
				"righthand_pos": {
					"rotation": {
						"0.0": [117, 10, -180],
						"1.3333": [117, 10, -180],
						"1.5": [117, 10, -180],
						"1.625": [117, 10, -180],
						"1.7917": [117, 10, -180],
						"1.9583": [117, 10, -180],
						"2.5417": [36.70038, 48.39145, -59.46671],
						"2.75": [29.06105, 52.47631, -69.36022],
						"2.9167": [29.06105, 52.47631, -69.36022],
						"3.0833": [36.70038, 48.39145, -59.46671],
						"3.25": [36.70038, 48.39145, -59.46671],
						"3.4167": [36.70038, 48.39145, -59.46671],
						"3.6667": [36.70038, 48.39145, -59.46671],
						"4.25": [36.70038, 48.39145, -59.46671],
						"4.4167": [36.70038, 48.39145, -59.46671],
						"4.75": [36.70038, 48.39145, -59.46671],
						"5.5": [117, 10, -180]
					},
					"position": {
						"0.0": [0, -5, 0],
						"1.3333": [0, -5, 0],
						"1.5": [0, -5, 0],
						"1.625": [0, -5, 0],
						"1.7917": [7, -5, 2],
						"1.9583": [12, -5, 4],
						"2.25": [11, -1, 8],
						"2.5417": [15, 2, 2],
						"2.75": [12.73, 1.375, 2],
						"2.9167": [12.73, 1.375, 2],
						"3.0833": [15, 2, 2],
						"3.25": [15, 2, 2],
						"3.4167": [19, 2, 2],
						"3.6667": [20, 2, 2],
						"4.25": [20, 2, 2],
						"4.4167": [16, 2, 2],
						"4.75": [14, -1, 5],
						"5.5": [0, -5, 0]
					}
				},
				"lefthand_pos": {
					"rotation": {
						"0.0": [117.77208, 8.54969, -172.02229],
						"1.0": [101.29767, -48.43626, -165.03922],
						"1.5": [250.31304, -67.3055, -318.27007],
						"3.5": [250.31304, -67.3055, -318.27007],
						"3.9167": [250.31304, -67.3055, -318.27007],
						"4.4167": [250.31304, -67.3055, -318.27007],
						"4.7917": [250.31304, -67.3055, -318.27007],